ID,name,color,size,description,price
1wear,Believe,Green,L,Necessary organization view help produce former.,781.46
2doctor,Account,Brown,M,Pretty book book.,472.57
3performance,Really,Green,XL,Once whose and travel arm safe enter.,363.26
4mouth,Ready,White,M,Skin western officer together pressure.,720.85
5century,Cut,Brown,M,Page form read student necessary well.,432.21
6give,Speech,Red,S,So material power conference.,790.01
7affect,Card,Pink,L,Evidence perhaps behavior generation term class.,607.59
8whom,Special,Black,M,Look specific science performance away imagine stay.,939.13
9raise,Size,Brown,M,Speak just before son identify partner.,225.08
10rather,Pattern,Pink,L,Free movie summer today hear entire.,446.47
11statement,Glass,Green,L,Late institution her choose cost list.,473.6
12source,Republican,Blue,L,Night next often hour plant weight.,574.1
13beyond,For,White,L,Both sound radio.,205.2
14society,Effort,White,M,Trial garden activity near once.,162.39
15student,No,Red,M,Factor head total couple assume strategy.,263.06
16argue,Remain,White,M,Sea through anything.,988.34
17mission,Doctor,Pink,XS,First door worker baby themselves.,172.77
18campaign,Gun,Pink,XL,Through purpose mind.,362.91
19speech,Tend,Pink,M,Authority recently plant wrong during.,111.8
20cold,Kid,Brown,S,Issue various discuss language once.,563.43
21care,Serious,Blue,L,Cell really magazine attorney during center student.,219.23
22talk,Four,Pink,M,Own edge information official.,27.05
23against,Everyone,Purple,XS,Black nor nearly receive this deep.,94.27
24both,Remember,Purple,XL,Population fund style.,951.84
25leg,Career,Purple,XS,Write before anyone throughout.,46.86
26century,Benefit,Red,M,Discussion beat reflect industry.,907.11
27choose,Student,Green,XS,Concern use commercial discuss owner model direction certainly.,471.47
28almost,Baby,Blue,XS,Allow during Mrs event never Mr decision.,643.46
29race,Prove,Yellow,XL,Spend daughter resource.,195.45
30positive,Machine,Orange,XS,List today expect artist movement opportunity say.,128.65
31everybody,Family,Blue,L,Ten international employee worker.,954.01
32indicate,Discover,Red,L,Approach career theory pay discover stuff.,201.74
33teacher,Writer,Yellow,XS,Us executive most doctor everything job.,513.25
34use,Before,Pink,S,Food challenge or yard purpose wrong throughout.,262.17
35game,Main,Green,L,Let financial may east before call natural success.,232.13
36toward,Approach,Red,XS,Next take tree leader month crime stock.,531.11
37create,Explain,Pink,L,American manager red compare international fill.,439.67
38cover,Often,Black,M,She size analysis study.,620.68
39I,Option,Blue,L,Director show always garden.,757.57
40key,We,Pink,M,Information director affect fill.,858.96
41career,Health,Pink,XL,Others over sister.,104.23
42community,Store,White,S,Hard Democrat miss concern.,454.3
43current,Front,Brown,L,Sit music girl give meet expect left charge.,899.54
44market,Drug,Purple,M,Kind bad or within culture place situation.,22.45
45right,Generation,Red,L,Wife others must protect program by college technology.,237.11
46culture,Why,Pink,M,Appear late media draw be hope talk speech.,344.93
47remain,Person,Green,M,Different skill maintain maybe.,83.94
48these,Every,Yellow,M,Police certain believe individual science.,528.78
49fall,Walk,White,XL,Around but consumer relate.,329.96
50both,Rate,Black,XL,Show right break cause public.,832.69
51nice,West,Brown,M,Action visit painting receive.,123.07
52thus,Live,Blue,M,Dark free president care heart.,836.05
53weight,Total,Blue,XS,Benefit even town majority.,999.08
54character,By,White,XS,Opportunity compare cost herself step federal.,137.11
55pick,Significant,Brown,XS,Card quickly eye mention focus include tell.,47.74
56choose,Often,Red,S,Pass group wonder air return amount people clearly.,706.16
57production,Throughout,Yellow,XL,Cost guess onto result a put make doctor.,594.73
58become,Finish,Yellow,XL,Popular join miss never person buy than real.,947.78
59door,On,Blue,M,Name sort international share trade fly according ten.,464.92
60move,He,Purple,L,Hear change pick.,906.65
61address,Evening,Purple,L,Ball data lawyer just collection cause.,705.57
62task,Season,Orange,L,Wife detail director still.,504.73
63already,Everything,Brown,S,Population style happen.,540.59
64season,From,Purple,XL,Son movement book store strategy itself.,325.96
65worry,The,Brown,L,Book her including course any.,422.69
66various,Rise,Black,XS,Head third happy wrong.,802.03
67but,Prove,White,L,Set local nothing boy however build.,40.26
68begin,Arm,Green,XL,Pm newspaper alone defense garden executive improve read.,346.23
69source,Purpose,White,L,Dog result old college change up.,401.72
70forget,Check,Purple,XL,Rate law check walk.,385.75
71brother,Act,Brown,XL,List total use put.,616.53
72indicate,Road,Green,XS,Drive send economy writer.,36.82
73fast,Toward,Blue,S,Become would difference tree head.,120.85
74recognize,Production,Red,S,Chance majority about threat market north throw.,151.07
75allow,Must,Green,XS,Long answer knowledge century mission.,207.33
76others,Send,Blue,XS,In force memory happy.,965.11
77report,Story,Brown,L,Section partner still system time call.,569.88
78inside,Say,Pink,M,Good sell character adult become take box at.,922.45
79day,Teach,Brown,L,A ability nor event tonight occur energy.,395.91
80mouth,Day,Orange,M,Practice doctor citizen year hundred.,527.44
81occur,Speak,Pink,XS,Language heavy learn agree most early form.,45.81
82here,Growth,Green,XL,Issue purpose movie also.,321.48
83real,Few,Black,L,Modern public site car tend.,291.93
84accept,Recently,Orange,XL,Market return economy example evening career accept history.,96.02
85both,Person,Blue,L,Rich agent during why term.,131.66
86daughter,Industry,Pink,L,Floor peace available skill.,903.35
87represent,Sign,Blue,L,Many again dog item.,970.63
88computer,Less,Pink,M,Page ok water including red how drop push.,412.26
89society,Section,Purple,S,Green blue look level.,408.65
90score,Because,White,S,Often sister five.,167.05
91even,Leg,White,S,Significant sister sound star present president film.,339.42
92dinner,Strategy,Orange,XS,Meeting already ask understand.,77.06
93write,Wall,Purple,L,Away throw think man those place forward.,909.88
94sport,We,Red,XS,Probably station partner.,819.45
95attention,Daughter,Pink,XS,Yes activity certain off political few.,52.55
96coach,Huge,Purple,L,System beat wall letter war represent foot upon.,954.41
97property,House,Yellow,M,Throw section education difficult most safe.,642.76
98million,Senior,Pink,L,Health expert other one produce.,784.18
99page,Recently,Green,XL,Effect record cultural hear eight site man.,369.64
100religious,Idea,Purple,XS,Institution ever decision too woman rate.,280.27
101marriage,Cost,White,XL,Get simply significant however test why.,82.21
102economic,Including,Purple,L,Next argue top.,702.25
103window,Development,Purple,M,Recognize wide visit that what produce about.,898.34
104ground,Relate,Pink,S,Theory later network PM economy maintain long.,500.4
105whether,Important,Orange,S,Stop effect office tend receive company start our.,616.61
106his,Party,Blue,L,Shake ground current all need.,540.41
107American,Enjoy,Black,L,Including street training day.,280.08
108evidence,Wish,White,XS,Experience call create hard red.,653.91
109night,Shake,Red,XL,Travel possible teacher economic record maintain carry.,548.93
110late,Why,Orange,XS,Tree natural treat candidate wish discover open.,407.21
111go,Report,Brown,M,Work enough say voice.,912.84
112stuff,Car,Brown,XS,Arrive attack truth history.,982.45
113book,Thing,Yellow,S,Treat process institution wear evening chance line.,873.5
114might,Happy,Red,M,Guy admit seek produce according.,660.43
115leg,Friend,Pink,XS,Safe art than level article return.,595.88
116side,Within,Red,XS,Move leave customer thousand.,283.16
117evidence,That,Blue,XS,Thank on just show tree nature together.,872.19
118figure,Toward,Orange,M,Explain need girl realize actually.,257.86
119serve,Center,Orange,L,Energy anyone contain all stop.,189.14
120work,Feeling,Orange,XL,Only agency already something that measure minute hot.,504.74
121law,By,Pink,XL,Realize order on lot likely street back.,749.49
122often,Mind,White,XL,Time which agent production chair at.,41.14
123sound,Example,Yellow,S,News why own source require.,341.67
124community,Candidate,Red,L,Big bed sport early quickly live.,495.0
125he,Where,Yellow,XS,Sound where maintain money.,355.73
126expect,Couple,Red,XS,Tax since lay occur significant order.,386.05
127pay,Try,Orange,S,Cup lay front ready role.,391.72
128power,Tax,Green,XL,Indicate his home general risk.,746.48
129task,Who,Orange,XL,Will hotel light beyond have amount still.,161.92
130region,Rule,Yellow,XL,Act plan actually radio we them score.,517.72
131sort,Paper,Yellow,XS,Front hit ground early.,699.18
132forget,Model,Red,XL,Beyond happy establish sea sure interesting stay.,955.12
133successful,Last,Blue,S,Yet discover use check environmental edge.,467.07
134easy,Blood,Yellow,M,Product situation allow couple not indicate glass sort.,602.39
135much,Either,White,L,Energy plant support.,39.56
136such,Single,Green,S,Marriage high article power.,502.46
137start,Security,Orange,S,Worry expect mission bill performance.,938.83
138bar,Feel,Green,S,Treatment Congress provide per return for.,922.68
139again,Level,Yellow,XS,Ready stop compare activity trip get suffer difference.,983.41
140same,Control,Brown,XL,Quite today wish generation hospital sort.,393.18
141other,Perform,Yellow,L,Concern production result game with.,308.23
142describe,Exist,Black,XS,Particular use one down different true stock.,572.65
143big,Central,Green,XL,Behavior notice truth more reason government example.,698.97
144property,Leader,Blue,XS,Dog two finally east site since tonight.,919.41
145less,Until,Orange,XL,Two window certain professor trial.,756.34
146generation,Personal,Yellow,XL,Brother play wind develop use popular late.,607.7
147end,Should,Pink,L,Here whatever population policy.,828.8
148consumer,Car,Yellow,S,Focus newspaper glass western popular matter.,61.61
149very,Himself,Pink,L,American group film send father two party.,992.97
150north,Soldier,Purple,L,Scientist democratic off arrive.,700.45
151third,Face,Purple,XL,Our ask section Congress thing.,684.16
152while,Culture,Purple,M,Different recent paper picture tree character employee.,315.48
153start,Bank,White,M,Threat how marriage born end also only.,452.25
154project,Discover,Green,XL,Three company card everybody support last.,635.56
155hit,Military,Purple,XS,Source operation camera situation them detail when.,312.35
156must,Among,White,L,Part outside yes enter step ahead building star.,128.76
157compare,All,Red,M,Cause beautiful win money thank son.,191.34
158get,Speech,Pink,L,Big figure experience year agreement law herself take.,874.86
159impact,Wife,Red,S,Modern there occur recent draw along white.,877.05
160market,Manager,White,XS,Traditional the sense million spring push.,729.17
161true,Enjoy,White,M,Run light career.,797.57
162me,Perhaps,White,XL,Share reason society.,553.55
163coach,Join,Purple,S,Film end idea economic area guy soon.,581.87
164smile,Hot,Orange,S,Service prevent best decide company.,917.34
165detail,Listen,Blue,M,Case study role power continue.,908.53
166difference,Far,Yellow,XS,Up phone election baby pattern.,350.98
167physical,Support,Orange,L,Your feeling decide weight.,395.92
168nor,Democratic,Red,XL,Already available red process Democrat.,416.71
169kind,Yourself,Black,M,Example inside act whatever side time address.,622.17
170green,Quite,Orange,XS,Interview health responsibility home fall.,300.78
171mission,Law,Purple,L,Hot join five eat.,639.04
172test,Successful,Blue,L,Black worry suffer daughter type time produce partner.,517.67
173floor,Owner,Blue,XL,Firm store majority keep tree stop discuss back.,299.28
174my,Yes,White,XS,Building all star guess note top attention.,949.88
175if,Start,White,S,Report response shake blue bad.,729.96
176art,Few,Red,L,Foot around third possible subject institution author.,359.67
177goal,Night,Blue,S,Section themselves which really create.,996.03
178gas,Page,Purple,XL,Assume body world must item carry also low.,536.99
179but,White,Purple,S,Lead share building plant lawyer war describe.,554.82
180put,Recently,Orange,S,Have health their positive station clear.,729.3
181foreign,Section,Purple,XS,Nor skin point campaign although fear trip.,958.12
182bar,Focus,Pink,L,Support dinner pretty trip movement defense.,677.99
183material,Happen,Brown,S,Common protect which wind improve.,832.66
184whatever,Parent,Brown,XL,Name consider adult station second four I already.,686.81
185address,However,Pink,XL,Ball director food daughter nor.,706.46
186rather,Surface,Red,XS,Ok view learn beautiful process generation.,124.37
187recently,Develop,Purple,XL,Become clearly ready data if on.,710.73
188human,Continue,White,L,Country require if which anyone.,823.55
189else,Effort,Black,M,Once lose want.,91.53
190ready,Financial,White,L,Although study girl model range personal.,987.48
191war,Place,White,XL,Street upon field this morning.,578.56
192their,Lay,Blue,M,Resource these suffer treat hundred.,779.72
193central,Relate,Orange,S,Also design add arrive five drive red hard.,729.33
194grow,Star,Brown,L,Understand level here near thought moment let.,193.1
195region,Woman,Purple,XL,Section sense own appear.,609.86
196fill,Low,Red,S,Life perhaps take sign well lot.,788.73
197add,Include,Orange,L,Player career thousand maintain mind billion investment.,326.39
198news,Light,Orange,XL,Glass risk eight debate beyond.,108.13
199follow,Democrat,Orange,M,Morning stop second.,803.01
200network,Black,Yellow,XS,On establish question little all.,869.46
201ahead,Friend,Black,XL,Sense fund prevent remain far provide alone.,802.45
202adult,Page,Green,XL,Leave here in plan left control.,851.35
203moment,Movie,Green,XS,Room career thought both mission policy support.,514.56
204ability,Day,Blue,XL,Administration break green company year recently newspaper including.,49.89
205any,War,Yellow,L,Add interest scene could second north.,623.04
206stand,Environment,Blue,M,Those boy product even audience many imagine.,116.13
207answer,Management,Black,XL,Financial deep when clear message especially.,868.53
208live,Society,Blue,S,Senior rate family information follow resource with several.,749.84
209deal,Write,Yellow,S,Such moment glass whatever lot need.,209.09
210space,None,Blue,L,Rich agree hotel while.,593.28
211center,Sense,White,S,Would writer increase.,66.82
212test,Effort,White,XL,Pattern official land doctor trial.,17.34
213final,Much,Black,XL,Research arm generation discuss world.,430.24
214stand,Garden,Blue,S,Black draw sister wrong wall answer less.,809.19
215to,Support,Blue,S,American case statement political eight operation now wall.,762.87
216threat,Couple,Pink,XL,Education glass very knowledge expect individual compare near.,576.33
217character,Senior,Brown,XL,Concern more them land could short real if.,848.35
218better,Relationship,Green,XL,Win direction thank customer.,19.58
219begin,Power,Orange,S,Event result evidence camera near.,814.71
220provide,Far,Black,L,Beyond they fear take kitchen.,941.93
221myself,Across,Orange,S,Beat face back.,553.98
222guess,Difficult,Black,M,Purpose discuss writer brother necessary of above.,787.46
223relationship,Effect,Yellow,S,Entire authority full writer young trial develop.,66.7
224agent,Author,White,XS,Anyone give station different.,89.09
225interesting,Local,Red,L,Think would chance.,415.65
226subject,Road,Green,S,Key admit drive very.,953.55
227wall,Task,Red,L,Likely another spring identify doctor anything account write.,87.39
228throughout,Lose,Green,S,Win she scene win they.,784.99
229statement,Organization,Black,M,Firm will television artist early behind right.,532.44
230hour,First,Green,S,Report Mr entire industry hope.,108.3
231between,Response,Pink,S,Source not own central reach.,213.4
232third,Prepare,Blue,XL,Ten magazine concern civil set right light.,128.45
233think,Focus,White,L,Speak experience five those onto.,288.43
234institution,Generation,Yellow,M,Medical final attention across serve hope.,819.01
235cut,Analysis,Pink,S,Someone little produce but bring.,993.75
236book,Respond,Pink,S,Window particularly movie city realize involve forget.,139.7
237hit,Sort,Purple,XS,Occur meet we hard price.,551.41
238space,Offer,Orange,M,Story it especially democratic.,497.43
239play,Discussion,Orange,XS,Ask eat customer debate.,607.66
240agent,Hotel,Black,XS,Situation simple to agree yet special authority.,312.65
241capital,Garden,White,L,Blood explain that identify.,308.49
242use,Example,Black,L,Fall cold cold.,267.32
243never,Most,Blue,L,While instead receive sit decision say president.,236.12
244free,Line,Red,XL,Me happy whom condition medical later firm.,736.12
245federal,Back,Black,S,Various avoid day pattern ten.,228.56
246box,Simply,Blue,S,Source catch little.,433.84
247address,Address,Red,M,Total thank realize street.,489.35
248law,Alone,Yellow,XS,Page green cell would garden campaign police.,689.7
249like,Miss,Yellow,S,Pay simply imagine positive assume those.,223.03
250six,Member,Pink,XL,Factor project despite bar.,724.26
251both,Necessary,Orange,XL,Author anything mother yet.,229.18
252practice,Ability,Green,XL,Your look manager interesting evidence likely.,751.28
253history,My,Black,XS,Though cost action model they call read glass.,888.03
254general,According,Pink,S,Green color play growth example arm relate.,229.94
255near,Past,Blue,L,Your recently movement lose.,335.09
256condition,Fire,White,S,Film general science seven purpose rock father page.,964.47
257join,Line,Yellow,L,Exist nothing must weight.,47.77
258federal,He,Yellow,L,Choose upon environmental young real.,160.61
259professor,Process,Pink,XS,Face management game state.,291.05
260because,Theory,Red,M,Answer sister purpose.,775.21
261provide,Audience,Blue,S,Change safe half.,458.5
262task,Reduce,Green,XS,Resource bed offer economic him want finish.,722.41
263seat,Natural,Blue,L,Baby sea well turn.,217.45
264billion,Worker,Green,S,Need training space summer.,746.75
265arrive,Person,Green,M,Per quality third land.,87.98
266event,Body,Yellow,XS,Fear manager recognize one.,794.7
267concern,Chance,Blue,S,Politics evidence face foot trouble role cup.,740.48
268give,Police,Yellow,L,Join four sport scientist party piece.,238.03
269mother,Box,Blue,XS,Season low claim.,256.53
270recently,Line,Red,XL,Choose policy interesting economy show expect conference.,384.2
271president,Build,Red,XL,Number kitchen voice factor same.,494.47
272street,Child,Red,L,Soldier force seek its him.,676.41
273information,What,Orange,XS,Mention join ball summer over building.,534.32
274well,Hit,Blue,S,Eye environment article set father.,434.21
275away,Training,Yellow,L,Chance book law.,895.62
276value,Section,Yellow,XL,Family safe Congress a time have.,831.89
277poor,Listen,Yellow,XS,Approach write together bad cold south past.,491.13
278way,Region,White,L,Than final speech million ability stand rich others.,276.65
279we,Community,Red,L,Including beautiful generation daughter attorney course.,691.99
280address,That,Green,L,Financial mother point new year great final let.,978.68
281me,Low,Black,M,Reduce girl nearly money him.,568.41
282others,Administration,Yellow,XL,Laugh or cover parent nor consumer.,433.53
283fish,Nice,Green,XL,Center standard soon total.,988.12
284part,Buy,Red,L,Black base democratic tough.,493.27
285recently,Quality,White,XS,Idea single base and nature senior.,420.59
286free,Several,Red,XS,Hear instead describe he direction girl left.,773.68
287yeah,Firm,Purple,L,Determine agent child need environment officer design.,935.71
288speech,Way,Green,L,Opportunity war sort star several father.,183.26
289into,Into,Black,M,Significant game population likely lawyer.,471.45
290final,Determine,Blue,S,Tv within talk budget.,17.96
291again,And,Black,S,Strategy happen standard doctor.,574.08
292usually,Small,Black,M,Get professor similar life direction manage.,31.87
293scientist,Begin,Yellow,XL,Nothing edge pressure law idea.,380.73
294voice,Material,Black,XS,Blue subject clear series worry wide week.,759.25
295view,Writer,Purple,M,Hand practice suddenly read such reveal.,993.42
296agree,Assume,Pink,L,Avoid him smile person notice science view.,45.37
297gun,Understand,Blue,XS,Day matter military.,908.11
298radio,Successful,Pink,L,Author bag too region.,476.74
299out,Big,Green,L,Wide tell less four although.,415.28
300of,Decade,Yellow,L,Deal consumer understand exactly piece sit.,219.54
301material,Growth,Purple,S,Begin happy young movement able.,88.37
302their,Paper,Yellow,XL,Stage company season college career.,22.66
303wonder,Statement,Yellow,S,Cause Mrs city.,347.12
304participant,Allow,Orange,XS,Shoulder protect near girl simply past past.,58.09
305too,Use,Pink,XL,Once need ago by call range authority.,528.49
306plan,Fact,White,XL,Newspaper expert factor walk they seem there.,132.8
307rather,Participant,Black,L,Billion nice authority serious food compare.,684.59
308season,Data,Purple,L,Sport church hot game child summer.,311.24
309true,Dog,Black,M,Reveal white generation.,692.38
310will,Recently,Blue,L,Drive realize attention garden feeling notice population.,955.92
311audience,Record,White,M,Ask scientist police decade cell team president.,952.67
312behavior,Them,Blue,XL,Term pattern hold letter through.,450.59
313smile,Audience,Orange,L,Land age inside improve.,413.6
314amount,Hospital,Purple,M,Structure cultural discussion own day everyone.,178.09
315while,Life,Pink,XL,Process college word add time simply other walk.,979.76
316only,Myself,Black,L,Hospital weight manager similar catch.,328.67
317lay,Movement,Brown,S,Glass factor ask measure heart.,115.01
318final,Election,White,S,Whose wrong game drive record write hard.,506.85
319how,Coach,Purple,S,Form state end way.,914.74
320stage,Able,Blue,M,Similar care dark.,45.02
321never,Its,Yellow,L,Far social similar risk adult past as.,399.74
322pretty,High,Yellow,XS,Pay most themselves member travel where day exist.,776.96
323worker,Site,Green,XL,Response sort certainly history.,682.41
324condition,Cold,Red,M,Arm individual under give professional sense of.,178.01
325anything,Cold,White,XL,Hit edge different moment commercial court.,982.33
326trip,Former,Orange,M,Movie draw with brother.,922.54
327a,Popular,Red,XS,Such everyone collection economic would fund particular.,422.78
328police,Hour,White,M,Sell science case discuss real before various ability.,734.29
329offer,Particularly,Green,XL,Wait sense sign grow.,942.57
330study,Natural,Pink,S,Decide move surface.,114.19
331share,Audience,Black,M,Fight decide seem reflect.,340.45
332course,Every,White,XL,For trouble camera we exist field race election.,806.13
333where,Company,Black,M,Box energy box he store.,690.96
334executive,Deal,Red,XL,Article board employee hour many special voice.,148.55
335themselves,Poor,Pink,XL,Pm similar teacher fear investment.,747.62
336move,Edge,Blue,M,Listen tough only represent bit.,745.22
337foreign,Hear,Green,S,Response truth describe market organization nation.,712.91
338sell,Necessary,Yellow,S,Door half continue everyone share heart.,807.37
339cut,Back,Green,M,Look according for lay hear improve.,227.74
340life,National,Purple,L,Remain career apply.,625.19
341star,I,Blue,L,Far left central safe measure.,297.11
342story,Development,Green,XS,Whole she toward much often film western news.,346.47
343they,Later,Green,XL,Culture learn run season into amount reveal follow.,679.01
344technology,Space,Orange,M,Give including material left way.,457.35
345fly,Such,Red,S,Specific but gun art best blood.,367.09
346network,Fill,Blue,L,Alone movie teacher give when let pick.,130.19
347nor,Development,Yellow,S,Plan window ready PM purpose star.,29.48
348enough,Cup,Red,XL,Wind care travel.,334.35
349late,East,Brown,S,Area standard choose player he whole baby.,230.6
350dark,Million,Yellow,XL,Draw society officer fear sea rather.,556.83
351must,Necessary,Blue,XS,Tell matter nearly worry.,633.89
352effort,Recent,Black,XL,Blood team ability.,839.83
353area,Ready,Brown,XS,Last likely assume blood notice later top.,550.66
354born,Training,Yellow,S,Cause campaign until site matter loss.,812.48
355now,Trouble,Red,L,Culture open try wall almost value interesting imagine.,18.31
356beat,Piece,Green,S,Represent throughout development yard I.,716.22
357approach,Loss,Orange,S,Eight brother project specific meet stock arrive.,694.73
358itself,Set,Green,L,Safe her yourself least likely cost tough.,814.48
359court,The,Brown,S,Behind care certainly seek factor.,66.96
360career,Generation,Green,XL,Owner quite apply boy national reduce tree.,233.02
361southern,Grow,Pink,M,Rich around health serve.,88.77
362for,Story,Purple,XS,Professional moment think side enjoy almost.,690.89
363campaign,Agent,Purple,M,Record executive relationship individual.,701.34
364western,Third,White,L,Attention well shoulder night.,662.63
365network,Inside,Blue,XL,Radio goal event base worry appear.,703.14
366environment,Court,Pink,M,Many half radio fine pull source seek.,201.47
367bag,Watch,Orange,XS,Glass fire take do weight painting lawyer though.,246.06
368long,Half,Red,L,Player which create music determine will fact.,880.02
369ability,Power,Pink,XS,Situation well half somebody apply use issue produce.,40.54
370plan,Serious,Black,S,Quite left environment scene take stock management.,777.71
371beat,Bag,Orange,M,Tonight water point stay ok.,462.15
372win,Election,Orange,S,Talk many benefit conference me new mission.,183.87
373effect,Beat,Black,S,Across food another bring financial institution just fall.,413.92
374energy,Event,White,S,Soldier or kitchen imagine citizen line model.,251.31
375spend,Tough,Orange,XS,Eight focus check within home.,560.35
376score,Wait,Black,L,Artist interest six article.,515.28
377enough,They,Black,XL,Research anyone daughter his forward local.,444.71
378garden,Month,Green,XS,Me party church attorney those responsibility partner.,733.16
379suddenly,Risk,White,XS,Soldier among beat whole professional lead player.,579.14
380none,Toward,Red,XL,Mind whether gas image government clearly evidence agree.,633.57
381economy,Alone,Yellow,L,Material senior another goal here court.,360.69
382low,Young,Black,L,Close contain few act glass than.,283.28
383use,Tend,Red,XS,Join speak rock report success off exist.,949.23
384doctor,Agent,Brown,XL,Bar avoid break push give development what north.,249.25
385account,Drop,Green,XS,He throughout serious resource message.,587.51
386side,Cell,White,XL,Can industry would something reduce.,238.06
387lay,Fear,Blue,M,Star activity suffer world never five.,695.25
388major,Newspaper,Green,S,Of of anything son society field poor technology.,828.76
389inside,Big,Pink,XL,Night during whom magazine.,688.23
390market,Different,Brown,S,Travel eye fund of nearly season.,640.63
391trade,Get,Red,M,Contain issue sister anyone become.,379.82
392charge,Clearly,Blue,M,Bag quality visit probably.,687.23
393down,Nation,Pink,S,Civil home require perform from structure do.,399.94
394return,Detail,White,L,Country class hope structure pattern often number because.,851.3
395tree,Side,Pink,XS,Sense hear production quality ability.,587.51
396machine,Door,Blue,S,Material side interview type.,238.4
397baby,Life,Black,S,Local card perhaps time.,37.49
398truth,Way,Brown,XL,Moment must different trouble table.,289.63
399bed,Cost,Pink,XS,Sell suggest modern professor would budget carry.,407.32
400reveal,Cost,Orange,L,Fund summer arrive give but.,527.33
401bad,Beyond,Red,S,Opportunity assume bit girl reveal dream.,345.44
402position,Debate,White,XL,Election out interesting security outside senior.,266.74
403development,Through,Brown,S,Edge dark mother drug.,383.71
404have,Mr,Red,XS,Outside operation family political peace finally.,339.76
405people,Such,Yellow,XL,Individual practice arrive picture.,128.21
406decide,Evening,Green,XS,Anyone deep already her there stop.,940.9
407article,Need,Blue,XL,Radio game way east drop.,105.81
408however,Response,White,S,Item capital him represent history.,40.71
409discuss,American,Purple,XL,Learn peace free improve.,904.94
410usually,Different,Yellow,M,Nature century yet foreign.,616.25
411test,Whatever,Yellow,M,Realize final doctor election could theory hit participant.,219.6
412store,Million,Yellow,L,Safe try too chance plant.,460.13
413fund,Together,Red,M,Crime range run work he.,949.57
414food,Management,White,M,Positive share game talk others medical.,402.31
415within,Light,Pink,S,Sometimes south edge laugh probably nor choice detail.,425.71
416us,Win,Brown,S,Similar full full song.,506.09
417somebody,Month,Purple,XS,Several quite for near news.,72.88
418catch,Term,Purple,L,We different talk hotel the.,998.76
419loss,Girl,Brown,L,At no authority soon American.,835.56
420study,Read,Black,XS,House cultural might glass cup.,900.54
421could,Discussion,Orange,L,Represent boy investment never show international point.,770.26
422physical,Outside,Orange,XS,Relate still officer thank central.,10.27
423throughout,Mrs,Brown,XS,Say allow even environment.,767.25
424off,Hair,Blue,XL,Nearly near affect card see.,100.25
425listen,Event,Orange,L,Manager series close expect find start fire but.,253.29
426oil,Begin,Red,S,Reveal on somebody fish poor.,415.51
427than,Population,Red,XL,Service ground trial cover also.,977.39
428skill,Series,Red,S,Support their community none.,770.76
429whole,International,Black,XS,Near fact road order we no strong.,292.25
430land,Despite,Black,M,Summer store itself computer rather report treat.,274.39
431no,Against,Pink,M,Fill performance heavy main shake catch.,121.78
432step,Across,White,M,New write onto star many yet.,266.1
433cut,Media,Red,S,Environment its hot girl.,882.96
434cover,During,Black,M,Traditional fact then live pay wonder PM.,583.23
435travel,Speech,Purple,XL,Standard receive toward low magazine wear fast.,524.33
436crime,Yourself,Purple,M,Could blood offer specific might too.,178.52
437seven,Fire,White,L,Man wear suddenly scene.,806.28
438someone,Foreign,Blue,S,Degree understand prove history time.,207.56
439cause,Who,Blue,XS,Dark card big fall according whether.,534.22
440war,Religious,Brown,L,Traditional let somebody free analysis various.,551.28
441improve,Second,Blue,S,Its case bit value create.,964.88
442debate,Brother,Green,L,Throw when end any.,486.68
443theory,Call,Orange,L,Way shoulder thus sister general.,157.82
444current,Fear,White,S,Major want sport evidence while particularly kitchen.,649.57
445return,Tough,White,XS,Political his meeting ball unit tough rather.,754.0
446simple,Pass,Orange,XS,On such likely sort blue toward.,787.26
447forward,Be,Black,L,Six full role arrive affect very.,504.42
448fear,Affect,Pink,M,Wish check debate performance occur move discover.,674.86
449commercial,Six,White,M,Exactly position whose number.,402.7
450give,Left,Brown,L,Glass quite likely second stage.,932.49
451current,Goal,White,XL,Reduce wonder from watch.,204.72
452herself,Lay,Pink,XS,Sport letter building offer also evening.,929.88
453pretty,Share,Green,XL,You quickly party join list.,740.5
454least,Wait,Blue,S,Better message marriage involve condition after reason again.,994.6
455state,Deep,White,M,Fish people paper worker clearly few owner east.,580.24
456home,Third,Pink,L,Weight land garden live interest.,633.81
457poor,Training,White,XL,Poor ground around.,881.32
458if,Notice,Pink,L,Rate instead some.,493.0
459expect,Message,Yellow,XL,Across coach professional.,974.45
460girl,Energy,Yellow,XS,Tax heart tonight note per window appear.,310.99
461rock,Summer,Pink,M,Window receive article analysis among.,153.23
462similar,With,Black,XL,Almost debate bill language sea bag.,507.43
463job,Guy,Red,XL,Increase into manage trip do happy.,217.95
464raise,Respond,Blue,XL,Rise role thus note let.,445.47
465member,Allow,Purple,S,Degree draw development short space exactly player dark.,886.58
466before,Rather,Pink,M,Worry take bed beautiful prevent despite.,902.45
467kind,Media,Pink,S,Democrat grow day than.,433.3
468in,Much,Brown,M,Pattern front main meet song last technology.,400.53
469quality,Author,Yellow,XL,Office radio present smile value when.,557.35
470majority,Concern,Brown,S,Term throughout police type.,132.56
471rather,About,Black,XL,White mother before beautiful young team rock.,665.68
472subject,Three,Blue,XS,Spend company always international job.,351.43
473than,Later,Brown,S,Face nation student certainly natural head stock.,872.69
474stuff,Oil,Red,S,Take decade pressure reflect ready always.,751.42
475training,Position,Red,XL,Major same three investment skill.,893.07
476manage,Cause,White,XL,Anything quality take relationship drive.,294.4
477risk,Bad,Brown,S,Professor little paper top painting past edge answer.,94.95
478example,Four,Red,L,Oil dark provide itself wait threat raise.,180.36
479body,Purpose,Brown,XL,Glass do skill card.,495.62
480where,Reveal,Pink,XS,Lead attorney class action.,493.05
481building,Side,Blue,S,Easy manage walk pattern.,750.82
482fight,Assume,Blue,XS,Across wish modern task situation painting since.,596.22
483perform,Program,Purple,S,Apply seat learn consider attention business.,321.96
484director,Because,Yellow,XL,Necessary so say beat exist actually.,136.29
485than,Southern,Red,L,They group size safe color father.,160.73
486news,Choose,Orange,XS,Understand get herself change do whatever.,459.81
487own,Next,Pink,M,For international institution sit recognize simply process.,434.1
488interest,Her,Yellow,L,Area mother behind staff.,934.42
489positive,Car,Brown,XL,Answer including condition nearly resource.,655.52
490new,Treat,Brown,M,Page science my during option lead born production.,215.5
491hospital,Set,Brown,M,Significant know major over lay seem.,341.37
492institution,Drop,Orange,M,Visit again guy serious.,185.78
493son,Series,Red,XL,Similar no skill each protect.,915.09
494keep,Style,Red,S,Fall memory financial war present recently the.,658.18
495according,Individual,Red,XL,Tend music turn.,410.9
496Mr,Beautiful,Purple,XL,Need member stage cell.,465.06
497conference,But,Pink,L,Hear box space one parent.,680.97
498thought,Product,Yellow,S,Walk her sister baby just.,146.52
499vote,Become,Pink,S,Whether fight share walk.,839.19
500when,Health,Red,XL,Huge nation treatment guy.,402.62
501say,Size,Black,XL,Call song person thus film music consumer pretty.,208.76
502begin,Together,Purple,XL,Baby energy century tell want exactly section ready.,670.72
503contain,Strategy,Red,XS,Board north better few environmental over seven.,624.84
504dark,Thank,Black,M,Senior husband soldier direction structure admit the.,255.57
505we,Campaign,Purple,M,Deep wind owner cup tell crime walk.,616.27
506authority,Benefit,Yellow,XS,Approach my positive soon.,577.44
507believe,Order,Pink,S,Deep recently guy pattern western.,265.21
508according,Series,Green,S,Large seem scene occur worry lead last.,486.14
509become,Child,Brown,S,Left raise hope huge page choice.,49.44
510score,Win,Red,L,Home personal drop sell.,446.92
511high,Feel,Brown,XS,Stock out rest late.,433.63
512concern,So,Blue,XS,Early ability us newspaper drug cut those.,28.74
513choice,Still,Green,L,Man decide charge foreign big value rate.,848.59
514nothing,Already,Green,XL,Example me admit letter person.,43.18
515daughter,Around,Purple,XL,Western plan tonight score note collection.,597.37
516detail,Later,Purple,S,Evidence experience language increase wish same.,477.81
517draw,Throw,Brown,XL,She officer reality cover who collection.,50.65
518type,Card,Blue,M,Property paper claim process a.,490.68
519senior,Southern,Black,S,Style watch firm beat TV.,863.5
520per,Close,Brown,XS,Compare foreign article difficult protect everything.,316.55
521maintain,Picture,Orange,XL,Eight college describe record.,170.01
522popular,Series,White,M,Four else back ahead product.,232.17
523building,Study,Blue,XL,Age small down.,340.81
524skill,Say,Orange,XS,Blue assume six off trip.,630.86
525line,Up,Blue,XL,Ago notice manage inside building especially.,714.31
526evidence,Evening,Orange,S,Interview another sell.,779.76
527past,End,Yellow,XS,Staff wear room task billion.,856.88
528baby,Indeed,Blue,XS,Wonder put when trip.,956.19
529with,Become,Black,M,Mother yet believe American ever expect.,949.34
530number,Fall,Blue,S,Could worker coach billion.,627.55
531develop,Wife,Green,L,Drop two imagine eat weight brother.,542.76
532night,Guy,Black,L,Into line government parent eight early.,375.97
533protect,Yourself,Purple,L,Across exactly fire federal social fire.,897.2
534yet,During,Purple,XS,Top war role interview nice finally.,221.21
535yes,Ball,Purple,S,Know late strategy themselves.,92.69
536sort,Instead,Green,XL,Road debate discussion hear.,572.61
537hotel,Start,Black,S,Morning late party.,27.96
538impact,Everyone,Orange,S,Federal court face stay detail image.,81.53
539skin,Often,Green,XL,Own street much money majority involve according.,690.82
540speech,Increase,Yellow,S,Although sell edge than hair.,469.53
541position,Name,Green,L,Education store mean property sing into order.,928.95
542trial,Stock,Orange,XS,Together positive benefit wall rest increase past measure.,255.95
543happy,Scientist,White,M,Economic from story.,890.96
544land,Instead,Orange,M,Board day figure today interview finish.,572.75
545might,However,Green,XS,There clearly watch almost few perhaps mouth.,935.42
546bank,Heavy,Green,S,Radio of garden eat imagine husband.,720.1
547trouble,Explain,Pink,L,Hundred citizen beautiful we computer.,214.32
548strong,Population,Brown,M,Agree yeah involve necessary.,596.57
549my,Tree,Yellow,S,Call law mind produce.,591.94
550example,Stuff,Yellow,M,Responsibility power activity structure sing fight.,866.41
551they,Strategy,Blue,XL,Rather he worry turn blood.,469.76
552bring,Policy,Green,S,Kitchen collection base certainly event follow read.,645.96
553military,Yes,Black,XS,Man term degree set various defense.,873.0
554light,Evening,Brown,L,Entire loss local fear.,677.86
555difference,Week,White,L,Board bar appear increase so event break.,790.18
556my,Allow,White,L,Arm realize network eight stop finally way.,35.17
557soldier,Increase,Pink,S,Discussion message and finally fish threat yard bad.,631.9
558particularly,Father,Orange,XL,Gun leave forward start affect.,105.64
559against,Ask,Black,XL,Reason charge often seat.,38.82
560charge,Operation,Red,M,Wear agency fund pressure speak three fact.,400.85
561rule,Those,Brown,L,Ever person final soldier song light certainly.,891.83
562four,Serve,Orange,M,Single write leave five city change stock fly.,975.07
563care,Detail,Black,XL,Majority part throw provide approach child short.,33.94
564particularly,Court,Black,L,Understand case space same thousand three late.,643.44
565future,International,Red,M,Exist beautiful short debate plan.,407.1
566sure,Hold,Black,XL,Join off rich feel.,543.71
567artist,Within,Green,XL,Act keep little fly project gun.,893.01
568exist,Per,Green,XS,Vote activity career walk decision four.,465.91
569hard,Firm,Orange,XL,Edge top senior tend issue yeah foreign.,31.22
570night,Drop,Purple,XL,Peace but skin ball past.,996.91
571arrive,Coach,Pink,XS,Move subject inside.,568.09
572behavior,Discuss,Red,M,Form develop ok would wall and team.,382.26
573kitchen,Health,Green,S,Home try husband artist laugh central.,268.25
574authority,Research,Black,L,Mean return talk number nor.,731.46
575common,Kid,Red,XL,Note state senior else certainly.,670.85
576young,Into,Purple,S,Maintain teach everybody.,810.23
577decade,Material,Pink,XS,Network small million door.,592.27
578foot,Surface,Orange,M,Cut sign sing song hour safe already.,826.25
579huge,Find,Red,S,Coach art risk blood send federal start.,624.1
580raise,Science,Brown,S,Partner cause part condition vote page.,395.32
581drop,Design,Green,XS,Identify toward during conference view.,914.94
582become,Party,Orange,S,Bed name bag finish safe life sort.,694.1
583nice,Free,Red,M,Attention you nation today section understand light tough.,151.23
584energy,Simple,Pink,L,Operation enjoy fight group.,319.71
585popular,Local,Pink,L,Successful expect contain lose idea stock.,881.77
586article,No,Brown,S,Current place city.,973.29
587tax,Size,White,XL,Environmental nor mouth chair.,244.59
588term,Actually,White,M,Main fire deep chair effort measure.,835.93
589artist,Last,Black,L,Tend itself join according all growth.,542.65
590marriage,Part,Purple,M,Series probably federal week.,105.69
591impact,Stay,Black,XS,By amount fish minute perform.,898.66
592at,Box,Brown,M,Mean section sense lawyer.,770.03
593free,Teach,Black,XL,Whose treatment leg name our.,480.91
594source,Movement,Yellow,S,Low apply air election exist ball.,624.94
595movie,Dinner,Red,XS,By former effort try anyone bill card.,887.55
596often,Common,Purple,XS,No customer painting gun ready that.,379.74
597science,Treatment,Purple,XS,Group some follow bank feeling.,176.23
598each,Around,Brown,XL,Agent story senior letter manage.,96.19
599data,Too,White,S,Brother even your.,690.15
600risk,Whether,Brown,XL,Source strong risk should.,924.46
601rate,Bit,Pink,XS,Process note another data break recently.,516.06
602kind,Those,Brown,L,Oil good how box age subject west.,725.12
603talk,Power,Blue,S,Boy trip leg upon whatever.,229.94
604subject,Ground,Green,L,Side prepare under yes research election.,254.46
605make,Hope,Red,XL,Believe part pull language opportunity spring two.,61.59
606upon,Not,Blue,M,Her value rock subject chance.,885.27
607require,Race,Orange,L,Along trip then decade traditional both.,154.99
608clear,Wall,Blue,M,Myself direction name daughter hour magazine strong.,589.53
609soldier,Offer,Green,XL,Until notice quality billion about better.,446.98
610sing,End,Blue,XL,Moment issue plant government newspaper central some.,711.15
611only,Prove,Blue,XL,Book behavior near protect professional hear just this.,945.42
612hit,Child,White,XL,Eight moment wear military.,852.48
613understand,Field,Blue,M,Spend five red page yes.,178.83
614know,Decade,Purple,S,Stock bag former carry especially section.,262.19
615blue,Here,Orange,M,Five green point hold particular.,886.99
616clearly,Head,Brown,XS,Interesting popular board ago budget.,454.58
617house,Just,Purple,XL,Mind nice experience.,799.26
618reduce,Here,Red,S,Organization order by consider might president.,506.77
619short,Increase,Blue,S,Six wide yourself current.,206.52
620movement,Cold,Blue,XS,Human authority message gas anything.,990.57
621push,Test,White,XL,State film step.,418.3
622town,Interview,Brown,M,Opportunity because on street character body law.,937.69
623well,Agent,Purple,XS,Shoulder education argue sure far.,833.3
624television,Time,Yellow,S,Less opportunity range energy.,757.42
625collection,Care,Brown,M,Step trade condition.,738.95
626order,Form,Brown,XS,Teach long student quite safe executive get.,641.33
627follow,Authority,Brown,XS,Expect decision appear fill.,540.23
628national,Story,Orange,L,Situation interesting sense world view culture.,363.79
629line,Character,Brown,S,Process education building.,544.64
630effect,Ready,Black,S,Realize we marriage least to management.,588.11
631tree,Of,Red,XS,Minute movie early information house total.,205.2
632notice,Full,Blue,XL,Baby into wish how business figure free.,72.03
633none,Board,White,XS,Name dog exactly call.,189.48
634industry,Fast,Pink,L,Image product discover another.,359.61
635state,Then,Yellow,M,Pay significant morning radio benefit.,687.21
636open,Already,Blue,S,Scene someone fall democratic fast true part.,997.85
637care,Soldier,Black,M,Bar cost citizen expect cut from raise.,301.44
638hear,Road,Blue,L,Director make house coach travel family want detail.,707.81
639adult,Mother,Brown,S,Special usually own certain author job.,482.89
640artist,Base,Green,XL,Happy full address teacher.,339.01
641human,Degree,Orange,L,Put goal body drive whether.,476.2
642produce,Chance,Purple,XS,End success grow around age individual.,232.41
643analysis,Hope,Yellow,XL,Civil machine task worry history expect.,662.44
644unit,Training,Red,XL,Tend street camera return rather sometimes room event.,294.55
645face,Decision,White,S,Game clearly once manager oil face line usually.,143.98
646election,Card,White,S,Become magazine standard situation point.,480.28
647movement,Cut,Green,XS,Program whether around interest usually.,780.05
648career,Difficult,Pink,S,Without for focus question American.,67.51
649within,Appear,Yellow,XS,Thought example body.,753.05
650what,End,Pink,XS,Toward fall room could reality federal under.,873.43
651bar,Bar,Green,S,Glass expert remain hot.,40.53
652continue,Minute,Blue,L,Party get reveal knowledge somebody.,654.79
653trial,Woman,Green,M,State field very there increase important kind.,70.81
654section,Station,Black,XS,Morning statement that wonder run can blood.,304.97
655inside,Movement,Orange,S,Cell always sister young summer base set.,616.7
656well,Him,Pink,S,Gas law above son public capital property could.,678.32
657safe,Rest,Brown,XL,Race maybe foreign sign although.,206.03
658summer,Radio,Blue,S,Administration bring along.,997.93
659behavior,Wife,Yellow,XS,Why too pick.,856.96
660assume,Many,Pink,S,Interview eye suddenly girl stage wonder.,758.53
661tell,Store,Brown,L,Box easy happy kitchen song.,418.15
662they,Who,Yellow,S,Visit direction threat star can easy art wear.,391.91
663force,Kitchen,Yellow,M,Involve what test.,796.77
664pull,Must,Pink,L,Board far manager me happy wife lot.,279.16
665produce,Your,Black,M,Attorney process yourself the class.,298.75
666the,Cold,Orange,XL,Him which late once must light.,97.45
667former,Back,White,M,But term possible attack.,939.87
668despite,Economy,Black,S,Their president population direction let.,487.05
669thank,Common,Pink,XS,Quality probably four measure current number.,791.97
670economy,Source,Green,S,Eye take final reflect beat.,841.16
671character,Treatment,Green,XS,Measure partner enough tend.,381.03
672the,Across,Yellow,M,Develop budget law recent last drive.,515.31
673ahead,Response,Orange,L,Between subject hit task lay major mother.,953.25
674ask,Fill,White,XL,Conference owner water turn maintain job grow.,69.27
675understand,Section,Brown,XS,Particularly recently deep determine.,959.76
676personal,Perform,Yellow,L,According lay agency rather within.,387.44
677identify,Ball,Blue,L,Wrong room suffer kid another people.,535.54
678test,Despite,White,L,Meet which although range poor whom.,124.18
679most,Single,Blue,S,Much police well tree.,677.07
680listen,Foreign,Green,XS,Story dinner amount nature where sometimes authority happy.,210.26
681power,Organization,Green,L,Clear some then start man car.,506.93
682low,Themselves,Brown,M,Score ask table need old apply activity.,971.59
683message,Company,Brown,M,Space recently describe under personal specific go.,478.91
684rest,Word,White,L,Her base town house serious board.,449.75
685strategy,Democrat,Pink,L,Here single bill reflect moment.,409.4
686hotel,Hundred,Purple,XL,Operation name space guy attack toward.,920.64
687stay,Wish,Red,M,Structure suffer heart.,288.42
688ground,Finish,Blue,XS,Like left year age record half today.,781.99
689operation,Board,Orange,M,Around guy free arrive price black keep.,548.69
690ball,Step,Orange,L,Thousand production month two share.,814.77
691show,Nothing,Purple,S,Help western month outside much understand.,588.03
692analysis,Anything,Pink,XL,Office body food else laugh wish.,499.11
693near,Baby,Yellow,L,Matter bill trouble give.,643.57
694worry,Act,Red,S,Pass speech whether affect key life call.,694.76
695determine,Property,Red,M,Find suffer again arm wife event road.,365.08
696who,Possible,Green,M,Fall scientist case together myself party.,913.79
697responsibility,Station,Orange,M,Money three clearly campaign value watch least.,601.17
698money,Radio,Purple,S,Be soldier expect special push.,668.41
699audience,Own,Orange,XS,Despite student near position able Congress sport.,173.05
700cover,Then,Orange,M,Compare range after interest close put yard.,742.83
701successful,Since,Yellow,XS,Power can us order.,34.38
702yeah,Along,Green,XL,Pressure sit deep parent and.,494.32
703bit,Without,Black,XS,Including smile attention news this sit.,724.33
704various,Set,Blue,M,Town claim compare.,808.87
705camera,Former,Pink,L,Cup else dog walk a poor.,658.49
706huge,Follow,Yellow,S,Production management commercial past month.,638.22
707over,Indeed,Orange,S,President culture mission fight.,426.43
708either,Quickly,Green,XS,Structure sort own quality down own.,792.03
709window,Sea,Yellow,M,Reduce site camera those.,232.23
710job,Task,Purple,L,Step medical least race speak next minute plan.,578.58
711threat,Girl,Red,S,Best owner radio at number from.,993.73
712may,Student,Yellow,S,Poor happen picture from.,730.47
713message,Allow,Pink,L,Yard program fire parent.,21.1
714level,Media,Orange,XL,Guess capital manage view again day with.,421.6
715enter,View,Orange,S,Well little address might play allow.,87.01
716institution,Next,Blue,XS,Medical and management mother before national education reveal.,309.64
717carry,Safe,Blue,XS,Trial clear act impact.,487.91
718nothing,Create,White,M,Reason thing stage southern area increase act six.,41.74
719city,Space,Purple,S,Bring small skin paper whether apply.,754.55
720bank,Cut,Purple,XL,Reduce base page be from picture.,643.76
721decide,Type,Orange,L,Court baby agency new never.,829.99
722could,Least,Red,L,Edge serious clear history.,466.77
723remain,Movement,Black,L,But chair international city.,197.21
724policy,Suddenly,Blue,M,Bit agency shake throughout respond.,157.95
725suddenly,Wish,Black,XL,Rise teach attack student PM get.,490.54
726recently,System,Black,L,Article listen likely ground side.,691.02
727tax,Leg,Pink,XL,Heavy knowledge fact onto public arm strong.,394.76
728relationship,Organization,Purple,XL,Require left economy our.,341.02
729build,Much,Purple,S,Tonight system itself relate military camera nice.,183.82
730few,Music,Purple,L,Fine go news anything.,48.51
731sport,Collection,Black,L,Catch fire wait item president opportunity system.,980.75
732reach,Hair,Red,S,Term thus writer memory four you here onto.,687.27
733scientist,Worker,Pink,S,Authority sometimes minute wife couple.,294.08
734fine,Represent,Red,S,Employee your stop line career weight debate.,958.27
735human,Blood,Yellow,M,Cause explain act American actually themselves field.,774.73
736school,Enjoy,White,M,Resource answer social.,248.7
737certain,New,Blue,XL,Middle suffer assume south language.,740.15
738relate,Among,Brown,XS,Nearly major through executive too writer.,420.06
739worker,Career,Purple,XS,Hour need sort protect shake.,221.23
740pull,War,Brown,XS,Institution more bank environmental teach serious.,31.47
741reveal,Expect,Pink,XL,As two know friend woman away oil.,429.3
742training,Resource,Black,S,Baby impact radio after.,805.3
743low,Newspaper,Green,S,Summer election whole easy natural chair unit.,975.88
744accept,Maybe,Green,XL,Center treatment culture once born want.,658.53
745attack,World,Purple,S,Behavior man once this others once imagine.,402.06
746take,Man,Red,S,Our receive staff wall.,975.11
747pretty,Television,Green,XS,Husband teacher lay brother range process.,71.33
748series,Born,Brown,S,Turn nature only theory happy history middle.,382.03
749less,Forget,Black,XL,Adult learn ten technology strategy.,264.59
750interest,Purpose,Brown,L,Cultural bill medical brother hear.,517.71
751bring,One,Red,S,Watch yourself week own so fire else.,724.77
752several,Produce,Red,XL,Long music prepare various all.,596.1
753head,Edge,Purple,XL,Vote put culture store film.,923.27
754big,Off,Black,L,Scene cell weight page.,724.53
755other,Protect,Pink,S,Attack good full her quite true ago concern.,622.45
756tell,Bed,Black,XL,Never they general determine get.,536.31
757resource,Contain,Orange,M,Parent already herself pay anything better.,641.24
758evidence,Cell,Green,XS,Report peace spring personal I national type.,515.78
759sound,We,Blue,S,Enjoy make police.,440.93
760choose,Experience,Yellow,S,Congress name industry follow walk any.,478.02
761say,Also,Pink,M,Right good color boy word home skin.,413.16
762seat,Same,Red,XS,Reality project community kitchen.,839.04
763page,These,Black,M,Number themselves anything central yeah trial score.,807.45
764radio,Environment,Green,L,Well face shoulder wonder change price reason might.,778.51
765us,This,Orange,XS,Determine perhaps agree hot one.,560.33
766together,Nor,Black,S,Assume knowledge eye down current.,302.33
767suddenly,Fight,Red,XL,Interest minute base writer determine open analysis.,372.2
768themselves,Attorney,White,XL,Source long daughter ask action.,805.23
769should,People,Brown,M,Bring east challenge research sea industry while.,913.72
770let,Simple,Red,XL,Simply left reduce member star.,410.84
771never,Oil,Brown,S,Before about once somebody respond meeting of.,660.5
772notice,Rise,Blue,XS,Find already represent set fine.,376.01
773stand,Grow,Orange,S,Statement drop your range short most.,109.24
774glass,Whole,Green,L,Tv down old human surface window near.,215.29
775me,Glass,Black,XL,Country avoid reduce.,251.62
776drug,Be,Red,XS,A you news most production.,703.85
777return,Road,Yellow,S,Perhaps somebody far write voice down.,978.37
778return,Person,White,XL,Final skill any hard among matter.,74.87
779seven,See,Brown,XL,Have ever policy road off best.,293.24
780point,Specific,Black,XS,Appear continue from low.,547.36
781drive,Floor,Red,S,Who budget rock court during else identify.,161.78
782close,Option,White,XS,Be pass rule development exactly.,53.97
783well,Kind,Black,S,Sense environmental this.,639.85
784report,Music,Red,L,Past sister foot technology.,191.94
785loss,Short,Orange,XL,State me design to.,28.73
786maybe,Medical,Black,M,Every order interesting join magazine individual.,611.8
787culture,Choose,Black,XS,Involve weight month call listen table.,357.8
788painting,Medical,Black,XL,Another church star within.,123.48
789social,Worry,Blue,S,Across gun conference of green east.,249.48
790political,According,Red,L,Notice how remain leader commercial politics executive by.,215.7
791begin,Smile,Red,S,Painting fish even arrive make.,30.07
792detail,Throughout,Red,M,Happen popular tree yet take push.,279.4
793all,Idea,Blue,S,Ground through avoid safe nature something hand statement.,681.48
794trouble,Return,Orange,M,Eight fight last new when less.,36.24
795within,Well,Pink,XL,Over role research statement whatever.,515.9
796college,Letter,Green,XL,Everyone record space sea hundred collection.,89.25
797above,President,Black,S,Role language fear less here special art power.,773.98
798real,Else,Orange,L,Weight education present available car.,688.21
799a,Scene,Purple,S,Happen art institution rather skin truth.,552.9
800first,Single,Purple,M,Morning bank same seven remember.,284.31
801card,Movement,Black,XL,Traditional thousand care.,309.43
802college,Candidate,Green,S,North loss alone box interesting.,874.62
803else,Decision,Green,S,Green place page environment manage difficult about.,982.4
804happen,Fast,Purple,XL,Baby focus cold.,992.23
805speech,Nation,Red,XL,Raise generation painting.,110.2
806deep,Why,Orange,S,May test discuss upon.,717.84
807including,Population,Brown,L,Shoulder ground major page story natural audience.,450.72
808project,Culture,Black,M,Spring contain tree want either blood.,432.38
809bill,Table,Green,M,Teach like impact mind.,432.65
810spend,Bed,Pink,XL,Investment live feel board.,221.74
811myself,Size,White,XL,Article ok wife consumer adult.,150.91
812describe,Act,White,XS,Figure hit why state visit series return.,589.03
813remain,Focus,Pink,XL,Reduce outside although.,225.81
814evening,Give,Black,M,Rule beautiful near get enjoy.,494.8
815usually,System,Green,M,Office job artist push industry even race.,979.07
816officer,Fast,Brown,M,Himself sea student.,955.91
817follow,Serve,Red,XL,Evidence any any maybe manage word.,777.32
818moment,Likely,Green,XS,Writer artist news smile voice despite.,47.97
819think,Business,Brown,M,Skill market pay ability do apply our.,259.62
820house,Maybe,Blue,L,Local sort standard song accept second form.,797.87
821finish,Student,Blue,S,Develop question argue way nation send behind.,868.87
822marriage,We,Green,L,Under provide space.,845.63
823thus,Present,Green,M,Sing visit hospital ok specific there.,453.32
824care,Grow,White,XL,These paper company color sea attention.,56.5
825style,Law,Yellow,XL,Speak head different later dream.,171.83
826right,Begin,Brown,M,Cup school already travel east hotel.,570.2
827street,Half,Orange,XL,Young page reach member region conference.,132.98
828agreement,Pattern,Black,XL,Face sister man property today we development.,600.81
829worker,Place,Blue,XS,Player fire summer.,196.94
830work,Office,Red,XS,Activity paper ago.,391.45
831value,Heart,White,M,Clearly skill age natural hear hotel treat.,107.54
832arm,Success,Purple,M,National leader include involve store husband main.,297.57
833far,Wide,Purple,XL,Blue total risk sing life.,940.15
834their,Side,Purple,M,Term head there some model.,83.55
835not,Speak,White,S,After school baby draw third important form.,802.47
836different,Mr,Black,S,Like process everybody sort Democrat change.,643.24
837tax,Increase,Black,S,Condition citizen upon world.,930.6
838year,Range,Red,M,Physical office major more because I.,674.7
839trouble,Hospital,Purple,S,When hotel require house.,774.23
840society,Information,Pink,XL,West foot include situation how.,125.31
841available,Common,Yellow,XS,Again simply difficult.,687.08
842painting,Five,Pink,M,Off show chair fund dog.,809.96
843kid,Cause,Red,S,Between our them property also.,485.45
844year,Wide,Yellow,XL,Take past situation top.,86.62
845issue,Million,White,XL,Company create new summer present.,100.78
846like,Recent,Black,M,Beat treat author include and.,445.87
847official,Cause,Red,L,Matter anything upon well discover community.,825.49
848notice,Power,Brown,S,Wide area should structure green development.,614.84
849care,Both,Orange,S,Early doctor half contain.,299.38
850catch,To,Yellow,XL,Bill above pretty tend much toward we finally.,411.08
851once,On,Blue,XS,Picture medical school skill buy.,92.06
852rate,Hair,Brown,L,Machine pattern look until material.,624.71
853might,Him,Blue,XL,Protect turn shoulder current way.,340.62
854sort,Pass,Orange,XS,Sit need network.,171.98
855film,Nation,Red,S,Up on cold experience.,614.21
856technology,Someone,Yellow,XS,Remember from reveal network visit who surface.,166.14
857together,Doctor,Orange,XL,Public apply fact computer rate environment necessary.,997.11
858story,Lot,Green,L,Offer child general production hit around.,799.34
859man,Produce,Yellow,S,Affect out address black significant.,344.61
860article,Either,Green,L,Again inside set material tree.,891.95
861by,Certainly,Purple,L,Wide wide responsibility growth.,676.6
862beautiful,Sport,White,S,Hair truth sport huge choice summer even.,134.35
863people,Hard,Yellow,XS,Throw agree state their personal him brother.,773.69
864style,Could,Brown,M,Control hear myself.,994.56
865official,You,Orange,L,Hot low help while receive.,946.16
866garden,Quality,White,S,Building green staff happen travel nearly industry.,742.25
867however,Suggest,Pink,L,Heavy subject service enough from sport.,981.41
868both,Have,Black,M,Miss while color want opportunity loss tend.,897.02
869including,Stage,Brown,L,Feeling message back per off action laugh still.,735.35
870choice,Throw,Purple,XS,End them call four free most be.,697.21
871minute,Whose,Purple,XS,Operation board financial brother behind race several.,11.96
872happy,Say,Red,M,Stop determine director.,102.04
873where,Both,Purple,S,Figure thing herself use.,762.75
874range,Food,Red,XL,Age where hot power do born.,314.12
875ever,Purpose,Orange,L,Member education water manager.,161.17
876central,Cause,Brown,XS,Game national meeting first agreement.,993.31
877hit,Dinner,Brown,XS,Natural particular seat social person admit win.,283.37
878these,International,Pink,XL,Economic for gas system.,12.58
879off,Bed,White,XL,Increase smile enough exactly activity.,841.02
880wall,Pm,Brown,M,Impact gas similar small Republican level federal game.,134.76
881always,West,Green,S,Then carry get analysis.,356.66
882church,Pull,Purple,L,Travel country at should.,498.27
883young,Son,Orange,M,Southern tonight candidate end film we.,841.46
884tend,Doctor,Red,M,Local rise sort.,560.93
885kind,Moment,Purple,S,Throughout popular fine.,422.46
886name,Compare,Black,XS,Marriage take court would hundred find glass.,211.64
887fine,Know,Orange,L,Cell go responsibility dark call.,841.29
888fill,Cold,Blue,XS,Point include the give.,690.94
889research,Discover,Red,M,Action eat kind modern degree.,63.85
890student,Contain,Blue,XL,Soldier article fund must.,779.08
891find,Dark,Orange,S,Past actually voice.,652.96
892over,Four,Pink,L,Event mouth fill discuss nothing old both.,533.77
893theory,Woman,White,S,Election hard particular case newspaper line.,236.44
894Mr,Across,Green,M,Western consumer half pressure yes list exactly.,564.19
895chance,Moment,Pink,XS,Onto individual school ago city me American.,184.93
896commercial,Fight,Blue,XS,Letter purpose social identify past when.,660.57
897quite,Animal,Brown,S,Guy table possible state practice nation.,941.58
898both,Hope,Pink,XS,Write eat add allow foot.,96.72
899painting,Prepare,Orange,S,Alone include long music music can agency.,488.14
900lot,Ever,Pink,L,Ahead student job suffer.,99.91
901fund,Worry,Pink,XS,Prevent PM develop change art door.,785.1
902beautiful,Sing,Black,XL,Television just floor board bill.,465.15
903wind,Suffer,Red,M,Member soon rather onto serve own few relate.,166.07
904might,Possible,Red,XL,Safe charge night as machine interesting.,105.72
905than,School,Blue,XS,Five goal less country spring across great.,96.51
906son,Within,Purple,L,Picture control dark must possible.,479.06
907long,Set,Pink,L,Here board present hair teach bad.,38.77
908career,Window,White,L,Example and see out have.,341.75
909store,Expect,Red,XL,Mind often know finally.,560.29
910determine,Structure,Purple,XS,Occur watch week bill really all science.,358.9
911summer,Final,Red,M,End bring far season.,633.43
912apply,Area,Orange,L,Between hear case carry middle indeed.,591.56
913how,Culture,White,XL,Push enough hit available forward.,128.45
914production,Ago,Blue,S,Positive always poor buy act team.,814.56
915far,Front,Brown,XS,Policy worker class song.,782.77
916really,Stock,Black,M,Wife between happy that parent who.,943.73
917respond,Quality,Brown,S,Physical machine party new man.,484.46
918middle,Hot,Green,L,Clear nearly mind scientist must people.,231.49
919event,Rich,Purple,L,Free near opportunity certain.,989.5
920drug,Important,Blue,M,Test fund indeed there boy station rock.,579.96
921increase,Loss,Pink,L,Hair account scene professional at.,587.73
922though,Be,Green,L,Clear board turn since hard ask sing.,504.14
923type,Be,Orange,L,How low center worry approach beat.,712.47
924cover,Firm,Orange,M,Population reach avoid writer sound.,35.67
925west,Alone,Green,XS,Stop do arm recognize great different source.,338.61
926fear,Painting,Red,XL,Site anyone risk.,599.83
927analysis,Education,Black,M,Over like choice case through official fine really.,751.2
928public,Professional,Red,L,Summer worker why see remain.,61.18
929line,Fast,Orange,XS,Condition morning war treat argue decade senior.,963.16
930season,Especially,Red,XL,Color technology suffer wind land then.,321.31
931field,Republican,Yellow,L,All away crime friend price.,401.53
932provide,Watch,Orange,S,Language white million agent.,908.57
933million,Speak,White,L,Music matter economy enter only plant business.,663.87
934candidate,However,Yellow,XL,First beat three by play simple.,980.01
935six,More,White,M,How seem baby under inside market.,260.88
936television,Why,Brown,XS,Hair fly help member offer truth because.,235.09
937lead,Teach,Red,XL,Fish interview difference discover building out across feel.,188.06
938hair,Design,Brown,XS,Arrive author late drug.,809.63
939alone,We,Black,M,Never rate beautiful physical might training draw Mr.,135.8
940conference,Ever,Blue,L,Country score part conference process.,567.02
941collection,Market,Blue,L,Nearly range order risk.,521.39
942area,Expert,Brown,XL,Experience usually major individual necessary city.,140.97
943writer,Only,Orange,M,Watch media provide city.,68.6
944realize,Property,Orange,S,Note onto window around tax hot.,380.49
945unit,Bill,Pink,XS,Whose capital read raise fear training.,25.07
946budget,Entire,Red,L,Indicate discussion draw state rate else onto.,484.35
947would,First,Green,XS,System home return.,938.0
948show,Including,Yellow,XL,Myself everything toward his already shoulder thought.,934.62
949something,Mr,Pink,S,Figure along score.,359.61
950participant,Practice,Black,S,Improve follow degree walk difference anyone clear meeting.,448.67
951candidate,Fear,Purple,S,Consider prevent mother blood even.,708.79
952how,Happy,Purple,S,Design by now word person gun.,96.21
953claim,Friend,White,L,Mrs just next figure move participant skill majority.,550.96
954reach,Share,Orange,XS,Rest step thing policy without she mean.,386.74
955thousand,Admit,White,XS,Than picture war yeah.,280.71
956chance,Because,Blue,XS,Able yourself somebody all culture marriage act.,965.74
957against,Recognize,Green,XL,Exist character person south effect training.,462.48
958although,Response,Yellow,M,Sea each stock west.,824.14
959whole,Truth,Purple,M,Skill thing summer.,81.01
960art,Fight,White,XS,Beautiful without heavy or early between kid.,230.43
961share,House,Red,XS,Place back line brother.,596.74
962that,Miss,Yellow,S,Year true discuss street final.,990.32
963risk,Maintain,Orange,XL,Big pick PM culture two dark area.,571.96
964speech,Leg,Green,XS,Peace share religious such short seat.,945.53
965student,When,Green,M,Catch husband factor watch guy final prevent.,996.34
966add,Different,Pink,XS,Send have mind seat but work individual.,107.46
967get,Daughter,Purple,L,Kitchen beautiful theory body network range wonder.,984.29
968cultural,Assume,Green,XL,Fly traditional institution.,81.3
969idea,Herself,Red,XS,Market local whole shake old me particular approach.,861.18
970full,Green,White,S,Guess office anyone any black seven second.,557.11
971service,Head,Red,XS,Parent decade garden property.,137.51
972close,Seem,Orange,S,Father because color share without.,122.56
973long,Laugh,Blue,XL,Pretty cold experience.,43.08
974later,Program,Pink,XS,Need those prepare.,729.45
975artist,Run,Yellow,M,Traditional color form accept find money pressure.,394.01
976strong,Know,Yellow,XS,Officer attorney decision person dream trial.,112.82
977beautiful,Series,Black,L,Factor certainly peace lay.,286.31
978story,Report,Orange,XS,Month alone however hundred specific certain way.,767.01
979main,Bring,Blue,L,Discuss want part clearly.,568.66
980never,Claim,Black,XS,Letter manager toward office just shake.,170.11
981decide,Way,Orange,S,Behind commercial night dinner.,60.08
982professor,Debate,Yellow,S,Rate charge discussion shoulder stock first.,797.1
983strong,Able,Blue,XS,Bring by six item plant need.,851.05
984democratic,Buy,Brown,XS,Eat over main sure discussion talk hand.,861.4
985thousand,Entire,Red,L,Price reality however attack bring.,895.14
986have,Idea,Yellow,L,Quickly listen ahead onto despite.,625.36
987step,Experience,Black,XS,Follow buy pretty technology organization administration beyond base.,253.5
988hot,Message,Green,L,Floor less speak discussion.,944.48
989candidate,From,White,L,Floor them carry.,586.71
990color,Character,Blue,XS,Accept good else leave top front trade.,473.19
991life,Between,Pink,S,With purpose do she customer evening by.,957.0
992so,Since,Brown,L,Poor yeah close product.,824.54
993send,Grow,White,XS,Movie look court else.,361.39
994some,Walk,Blue,XS,Cell court product which clear.,530.04
995allow,Seek,Green,M,Respond bill age majority now.,124.54
996customer,Voice,Black,XL,Quickly middle beat.,673.09
997three,Pay,White,XL,Unit member maybe training believe.,694.8
998everything,Manage,Pink,XL,System dinner perhaps up message time maybe.,99.79
999present,Require,Black,XL,Part author five medical moment nice little.,73.83
1000bed,Student,Blue,M,Room western itself whatever Republican several.,597.46
